{
  "canonical_source": "frozen_bundle",
  "compile_overhead_s": 0.0005971528589725494,
  "dataload_s": 2.964678857475519,
  "dice_mean": 0.0008216473312739024,
  "dice_sd": 0.0008216473312739024,
  "gpu_util_pct": 8.617647058823529,
  "hd95_mm": 290.75455989432953,
  "hd95_sd_mm": 0,
  "infer_s": 15.70640103891492,
  "latency_mean_s": 7.853214653208852,
  "latency_p50_s": 7.853214653208852,
  "latency_p95_s": 11.16423899102956,
  "n_cases": 2,
  "not_live_training_run": true,
  "preprocess_s": 8.361534729599953,
  "source": "frozen_artifact_replay",
  "steady_state_latency_s": 7.853214653208852,
  "throughput_vol_per_s": 0.12733638951170098,
  "total_runtime_s": 52.03264494240284,
  "vram_peak_mb": 27535.85498046875
}
