{
  "canonical_source": "frozen_bundle",
  "compile_overhead_s": 0.0005925782024860382,
  "dataload_s": 4.91899186745286,
  "dice_mean": 0.0008163048099777893,
  "dice_sd": 0.0008163048099777893,
  "gpu_util_pct": 9.975,
  "hd95_mm": 290.70038210345257,
  "hd95_sd_mm": 0,
  "infer_s": 17.394281424582005,
  "latency_mean_s": 8.697164539247751,
  "latency_p50_s": 8.697164539247751,
  "latency_p95_s": 12.76066783219576,
  "n_cases": 2,
  "not_live_training_run": true,
  "preprocess_s": 15.211796011775732,
  "source": "frozen_artifact_replay",
  "steady_state_latency_s": 8.697164539247751,
  "throughput_vol_per_s": 0.11498000244646328,
  "total_runtime_s": 62.6164399497211,
  "vram_peak_mb": 27535.85498046875
}
