{
  "dataload": 7.8064661882817745,
  "infer": 9.429259054362774,
  "preprocess": 1.6918756663799286,
  "total": 46.24569359049201
}
