{
  "canonical_source": "frozen_bundle",
  "dataload_s": 32.25701417401433,
  "dice_mean": 0.002149890591742136,
  "dice_sd": 0.0016491051032922566,
  "gpu_util_pct": 32.44660194174757,
  "hd95_mm": 270.2008330604714,
  "hd95_sd_mm": 37.40284606731283,
  "infer_s": 42.7804410867393,
  "latency_mean_s": 5.566685165589054,
  "latency_p50_s": 5.472858093678951,
  "latency_p95_s": 7.1538248201832175,
  "n_cases": 8,
  "not_live_training_run": true,
  "preprocess_s": 6.993240732699633,
  "quality_delta_dice_vs_fp32": 1.768504276642227e-07,
  "quality_delta_hd95_vs_fp32": -0.0014721419186685123,
  "source": "frozen_artifact_replay",
  "steady_state_latency_s": 5.566685165589054,
  "throughput_vol_per_s": 0.17964012159005982,
  "total_runtime_s": 105.86196985840796,
  "vram_peak_mb": 38878.171875
}
