{
  "canonical_source": "frozen_bundle",
  "compile_overhead_s": 0.0005590841174125671,
  "dataload_s": 2.2117037661373615,
  "dice_mean": 0.0007924585785104327,
  "dice_sd": 0.0007924585785104327,
  "gpu_util_pct": 6.434782608695652,
  "hd95_mm": 287.5595529247877,
  "hd95_sd_mm": 0,
  "infer_s": 16.723571576178074,
  "latency_mean_s": 8.361796207726002,
  "latency_p50_s": 8.361796207726002,
  "latency_p95_s": 12.131265200674534,
  "n_cases": 2,
  "not_live_training_run": true,
  "preprocess_s": 5.243216015398502,
  "source": "frozen_artifact_replay",
  "steady_state_latency_s": 8.361796207726002,
  "throughput_vol_per_s": 0.1195915297572112,
  "total_runtime_s": 47.18456656858325,
  "vram_peak_mb": 27535.85498046875
}
