{
  "canonical_source": "frozen_bundle",
  "dataload_s": 33.304414831101894,
  "dice_mean": 0.002149713741314472,
  "dice_sd": 0.0016489519110957063,
  "gpu_util_pct": 37.25471698113208,
  "hd95_mm": 270.20230520239005,
  "hd95_sd_mm": 37.400204715564875,
  "infer_s": 42.02358514070511,
  "latency_mean_s": 5.466448982556661,
  "latency_p50_s": 5.372706839814782,
  "latency_p95_s": 7.028813172131777,
  "n_cases": 8,
  "not_live_training_run": true,
  "preprocess_s": 7.431499991565943,
  "source": "frozen_artifact_replay",
  "steady_state_latency_s": 5.466448982556661,
  "throughput_vol_per_s": 0.1829341137530016,
  "total_runtime_s": 108.0034200400114,
  "vram_peak_mb": 39939.0986328125
}
