{
  "canonical_source": "frozen_bundle",
  "dataload_s": 6.908824097365141,
  "dice_mean": 0.0007993493575548927,
  "dice_sd": 0.0007993493575548927,
  "gpu_util_pct": 15.772727272727272,
  "hd95_mm": 290.77571600260177,
  "hd95_sd_mm": 0,
  "infer_s": 8.881712134927511,
  "latency_mean_s": 4.44087197445333,
  "latency_p50_s": 4.44087197445333,
  "latency_p95_s": 6.761724897660315,
  "n_cases": 2,
  "not_live_training_run": true,
  "preprocess_s": 15.01087385043502,
  "source": "frozen_artifact_replay",
  "steady_state_latency_s": 4.44087197445333,
  "throughput_vol_per_s": 0.2251810017835742,
  "total_runtime_s": 55.16838074848056,
  "vram_peak_mb": 29447.0986328125
}
